14-05-2019	7.807,88	8.268,71	7.696,39	7.994,42	32.031.452.227	141.508.656.735
13-05-2019	6.971,18	8.047,41	6.898,28	7.814,92	28.677.672.182	138.316.573.807
12-05-2019	7.203,51	7.503,87	6.815,77	6.972,37	27.773.333.680	123.389.710.222
11-05-2019	6.379,67	7.333,00	6.375,70	7.204,77	28.867.562.329	127.488.435.181
10-05-2019	6.175,82	6.434,62	6.161,52	6.378,85	19.419.875.368	112.863.284.035
09-05-2019	5.982,32	6.183,04	5.982,32	6.174,53	16.784.645.411	109.238.600.750
08-05-2019	5.849,48	5.989,98	5.794,72	5.982,46	15.320.605.300	105.829.143.585
07-05-2019	5.745,60	5.988,18	5.741,40	5.829,50	18.026.409.033	103.112.368.557
06-05-2019	5.791,69	5.802,96	5.653,69	5.746,81	15.737.171.804	101.640.471.056
05-05-2019	5.831,07	5.833,86	5.708,04	5.795,71	14.808.830.723	102.494.420.158
04-05-2019	5.769,20	5.886,89	5.645,47	5.831,17	17.567.780.766	103.112.021.259
03-05-2019	5.505,55	5.865,88	5.490,20	5.768,29	18.720.780.006	101.986.240.859
02-05-2019	5.402,42	5.522,26	5.394,22	5.505,28	14.644.460.907	97.330.112.147
01-05-2019	5.350,91	5.418,00	5.347,65	5.402,70	13.679.528.237	95.501.110.091
30-04-2019	5.247,73	5.363,26	5.224,19	5.350,73	13.878.964.574	94.573.826.828
29-04-2019	5.284,86	5.311,27	5.216,49	5.247,35	13.735.490.672	92.737.510.865
28-04-2019	5.271,75	5.326,23	5.255,68	5.285,14	12.819.992.056	93.391.244.395
27-04-2019	5.279,47	5.310,75	5.233,64	5.268,29	13.111.274.675	93.086.156.556
26-04-2019	5.210,30	5.383,63	5.177,37	5.279,35	16.812.108.040	93.272.287.960
25-04-2019	5.466,52	5.542,24	5.181,34	5.210,52	15.330.283.408	92.046.492.864
24-04-2019	5.571,51	5.642,04	5.418,26	5.464,87	17.048.033.399	96.530.038.144
23-04-2019	5.399,37	5.633,80	5.389,41	5.572,36	15.867.308.108	98.417.387.004
22-04-2019	5.312,49	5.422,69	5.280,28	5.399,37	14.601.631.648	95.354.207.776
21-04-2019	5.335,88	5.359,93	5.257,34	5.314,53	13.731.844.223	93.847.052.256
20-04-2019	5.304,16	5.358,49	5.295,88	5.337,89	13.169.647.522	94.248.717.444
19-04-2019	5.298,15	5.336,68	5.233,34	5.303,81	13.780.238.655	93.638.345.002
18-04-2019	5.251,48	5.319,99	5.250,51	5.298,39	13.256.489.918	93.532.402.741
17-04-2019	5.236,14	5.274,28	5.219,21	5.251,94	12.438.480.677	92.702.617.458
16-04-2019	5.066,58	5.238,95	5.055,19	5.235,56	11.618.660.197	92.404.613.297
15-04-2019	5.167,32	5.196,61	5.024,07	5.067,11	12.290.155.061	89.422.237.603
14-04-2019	5.095,76	5.184,02	5.053,57	5.167,72	10.391.952.498	91.188.595.341
13-04-2019	5.088,85	5.127,12	5.061,59	5.096,59	10.823.289.598	89.925.574.875
12-04-2019	5.061,20	5.103,27	4.955,85	5.089,54	13.675.206.313	89.792.633.045
11-04-2019	5.325,08	5.354,23	5.017,30	5.064,49	16.555.616.019	89.341.168.457
10-04-2019	5.204,11	5.421,65	5.193,38	5.324,55	15.504.590.933	93.918.439.274
09-04-2019	5.289,92	5.289,92	5.167,42	5.204,96	14.722.104.361	91.799.330.425
08-04-2019	5.199,84	5.318,84	5.148,21	5.289,77	17.154.113.634	93.286.365.973
07-04-2019	5.062,79	5.235,19	5.050,41	5.198,90	16.655.416.140	91.674.230.186
06-04-2019	5.036,79	5.205,82	4.992,22	5.059,82	16.929.795.194	89.212.733.450
05-04-2019	4.922,81	5.053,51	4.919,49	5.036,68	16.837.325.387	88.796.118.650
04-04-2019	4.971,31	5.063,16	4.836,79	4.922,80	18.251.810.240	86.778.727.821
03-04-2019	4.879,96	5.307,00	4.876,62	4.973,02	22.899.891.582	87.655.288.145
02-04-2019	4.156,92	4.905,95	4.155,32	4.879,88	21.315.047.816	85.986.009.273
01-04-2019	4.105,36	4.164,95	4.096,90	4.158,18	10.157.794.171	73.269.368.747
31-03-2019	4.105,46	4.113,02	4.094,10	4.105,40	9.045.122.443	72.339.379.036
30-03-2019	4.092,14	4.296,81	4.053,91	4.106,66	9.732.688.060	72.355.190.645
29-03-2019	4.068,30	4.113,50	4.034,10	4.098,37	10.918.665.557	72.202.088.875
28-03-2019	4.087,58	4.094,90	4.040,27	4.069,11	9.353.915.899	71.678.998.915
27-03-2019	3.984,24	4.087,07	3.977,81	4.087,07	10.897.131.934	71.987.847.571
26-03-2019	3.969,23	3.985,08	3.944,75	3.985,08	10.707.678.815	70.184.147.203
25-03-2019	4.024,11	4.038,84	3.934,03	3.963,07	10.359.818.883	69.789.872.373
24-03-2019	4.035,16	4.040,70	4.006,19	4.022,17	9.144.851.065	70.823.042.992
23-03-2019	4.022,71	4.049,88	4.015,96	4.035,83	9.578.850.549	71.056.017.910
22-03-2019	4.028,51	4.053,91	4.021,54	4.023,97	9.252.935.969	70.840.048.102
21-03-2019	4.083,95	4.097,36	4.005,15	4.029,33	10.831.212.662	70.926.226.882
20-03-2019	4.070,79	4.089,46	4.031,11	4.087,48	10.175.916.388	71.942.444.088
19-03-2019	4.032,69	4.082,22	4.023,81	4.071,19	9.344.919.956	71.647.703.828
18-03-2019	4.029,97	4.071,56	4.009,12	4.032,51	9.646.954.186	70.958.165.407
17-03-2019	4.047,72	4.054,12	4.006,41	4.025,23	8.221.625.400	70.821.939.585
16-03-2019	3.963,90	4.077,04	3.961,66	4.048,73	9.856.166.973	71.227.967.573
15-03-2019	3.926,66	3.968,54	3.914,02	3.960,91	9.394.210.605	69.675.002.377
14-03-2019	3.905,58	3.946,50	3.901,30	3.924,37	10.480.789.570	69.024.696.307
13-03-2019	3.913,05	3.926,60	3.891,90	3.906,72	9.469.184.841	68.706.700.381
12-03-2019	3.903,76	3.926,89	3.863,56	3.909,16	9.809.887.079	68.743.000.581
11-03-2019	3.953,74	3.966,38	3.889,24	3.905,23	10.125.901.903	68.666.928.026
10-03-2019	3.966,17	3.966,17	3.924,38	3.951,60	9.713.267.607	69.475.297.370
09-03-2019	3.894,55	3.987,24	3.892,39	3.963,31	10.796.103.518	69.674.508.655
08-03-2019	3.913,23	3.950,43	3.875,23	3.901,13	10.638.638.944	68.574.579.320
07-03-2019	3.903,38	3.939,37	3.894,11	3.911,48	9.584.165.519	68.749.421.311
06-03-2019	3.897,08	3.919,51	3.871,46	3.903,94	9.175.291.529	68.609.885.776
05-03-2019	3.759,83	3.903,92	3.745,18	3.896,38	10.174.126.415	68.470.655.400
04-03-2019	3.845,09	3.867,38	3.733,75	3.761,56	9.029.175.788	66.094.551.587
03-03-2019	3.862,27	3.875,48	3.836,91	3.847,18	7.253.558.152	67.592.376.373
02-03-2019	3.855,32	3.874,61	3.832,13	3.864,42	7.578.786.076	67.888.255.371
01-03-2019	3.853,76	3.907,80	3.851,69	3.859,58	7.661.247.975	67.796.965.743
28-02-2019	3.848,26	3.906,06	3.845,82	3.854,79	8.399.767.798	67.704.774.107
27-02-2019	3.857,48	3.888,80	3.787,06	3.851,05	8.301.309.684	67.631.949.500
26-02-2019	3.878,70	3.891,58	3.837,99	3.854,36	7.931.218.996	67.683.296.223
25-02-2019	3.807,00	3.913,71	3.807,00	3.882,70	9.318.796.067	68.173.204.651
24-02-2019	4.145,46	4.210,64	3.793,71	3.810,43	10.794.227.451	66.897.483.404
23-02-2019	3.998,92	4.166,29	3.968,73	4.142,53	8.922.258.316	72.720.867.208
22-02-2019	3.952,41	4.006,54	3.950,82	4.005,53	7.826.525.254	70.308.555.857
21-02-2019	4.000,26	4.010,01	3.940,11	3.954,12	7.775.128.102	69.398.333.876
20-02-2019	3.946,68	4.000,49	3.926,25	3.999,82	8.693.373.948	70.194.350.042
19-02-2019	3.911,66	4.010,88	3.908,15	3.947,09	9.933.626.655	69.262.673.238
18-02-2019	3.671,37	3.936,67	3.669,98	3.915,71	9.908.216.640	68.704.389.994
17-02-2019	3.633,36	3.680,54	3.619,18	3.673,84	7.039.512.503	64.453.368.779
16-02-2019	3.615,27	3.652,84	3.615,27	3.629,79	5.934.744.052	63.673.369.195
15-02-2019	3.617,37	3.647,80	3.608,21	3.620,81	6.091.952.231	63.509.111.125
14-02-2019	3.631,17	3.646,26	3.607,70	3.616,88	6.271.044.418	63.434.486.052
13-02-2019	3.653,60	3.669,75	3.617,25	3.632,07	6.438.903.823	63.694.394.519
12-02-2019	3.642,75	3.668,59	3.618,56	3.653,53	6.480.384.532	64.063.755.250
11-02-2019	3.695,61	3.695,61	3.642,29	3.648,43	6.277.056.434	63.968.390.250
10-02-2019	3.673,20	3.695,04	3.640,98	3.690,19	6.282.256.903	64.694.025.951
09-02-2019	3.671,59	3.679,94	3.646,56	3.671,20	6.158.833.645	64.354.732.475
08-02-2019	3.401,38	3.695,61	3.391,02	3.666,78	7.735.623.101	64.270.269.953
07-02-2019	3.414,93	3.427,95	3.394,22	3.399,47	5.004.962.683	59.578.075.991
06-02-2019	3.469,09	3.469,09	3.398,57	3.413,77	5.482.196.038	59.821.158.612
05-02-2019	3.454,95	3.478,15	3.451,94	3.466,36	5.227.549.545	60.735.563.490
04-02-2019	3.467,21	3.476,22	3.442,59	3.459,15	5.332.718.886	60.603.083.461
03-02-2019	3.516,14	3.521,39	3.447,92	3.464,01	5.043.937.584	60.681.847.608
02-02-2019	3.484,63	3.523,29	3.467,57	3.521,06	5.071.623.601	61.675.119.055
01-02-2019	3.460,55	3.501,95	3.431,59	3.487,95	5.422.926.707	61.088.747.491
31-01-2019	3.485,41	3.504,80	3.447,92	3.457,79	5.831.198.271	60.553.903.928
30-01-2019	3.443,90	3.495,17	3.429,39	3.486,18	5.955.112.627	61.044.262.622
29-01-2019	3.468,87	3.476,07	3.400,82	3.448,12	5.897.159.493	60.371.874.099
28-01-2019	3.584,28	3.586,75	3.439,23	3.470,45	6.908.930.483	60.756.570.314
27-01-2019	3.604,69	3.612,67	3.567,25	3.583,97	5.570.752.966	62.737.274.093
26-01-2019	3.599,72	3.654,93	3.593,35	3.602,46	5.098.183.235	63.054.898.963
25-01-2019	3.607,39	3.612,93	3.575,60	3.599,77	5.265.847.539	63.000.985.908
24-01-2019	3.584,50	3.616,09	3.569,09	3.600,87	5.262.869.046	63.014.066.012
23-01-2019	3.605,56	3.623,07	3.565,31	3.585,12	5.433.755.649	62.731.361.272
22-01-2019	3.575,08	3.620,75	3.539,72	3.604,58	5.313.623.556	63.065.139.424
21-01-2019	3.600,37	3.608,84	3.558,54	3.576,03	5.004.347.059	62.559.869.612
20-01-2019	3.725,45	3.743,39	3.583,02	3.601,01	5.582.489.560	62.990.143.284
19-01-2019	3.652,38	3.758,53	3.652,38	3.728,57	5.955.691.380	65.214.103.659
18-01-2019	3.677,99	3.682,52	3.637,08	3.657,84	5.002.961.727	63.970.991.867
17-01-2019	3.651,87	3.680,14	3.621,96	3.678,56	5.464.420.383	64.327.048.255
16-01-2019	3.631,51	3.685,78	3.624,67	3.655,01	5.394.457.145	63.909.348.776
15-01-2019	3.704,22	3.720,15	3.619,95	3.630,68	5.537.192.302	63.477.817.959
14-01-2019	3.557,31	3.727,84	3.552,29	3.706,05	5.651.384.490	64.789.619.995
13-01-2019	3.658,87	3.674,76	3.544,93	3.552,95	4.681.302.466	62.106.461.671
12-01-2019	3.686,97	3.698,98	3.653,81	3.661,30	4.778.170.883	63.994.140.882
11-01-2019	3.674,02	3.713,88	3.653,07	3.687,37	5.538.712.865	64.443.301.117
10-01-2019	4.034,41	4.064,07	3.659,17	3.678,92	6.874.143.796	64.288.932.886
09-01-2019	4.031,55	4.068,40	4.022,66	4.035,30	5.115.905.225	70.508.733.459
08-01-2019	4.028,47	4.109,02	3.996,96	4.030,85	5.306.593.305	70.422.743.854
07-01-2019	4.078,59	4.092,61	4.020,89	4.025,25	5.228.625.637	70.316.305.580
06-01-2019	3.836,52	4.093,30	3.826,51	4.076,63	5.597.027.440	71.206.795.853
05-01-2019	3.851,97	3.904,90	3.836,90	3.845,19	5.137.609.824	67.157.570.935
04-01-2019	3.832,04	3.865,93	3.783,85	3.857,72	4.847.965.467	67.368.333.500
03-01-2019	3.931,05	3.935,69	3.826,22	3.836,74	4.530.215.219	66.994.920.903
02-01-2019	3.849,22	3.947,98	3.817,41	3.943,41	5.244.856.836	68.849.856.732
01-01-2019	3.746,71	3.850,91	3.707,23	3.843,52	4.324.200.990	67.098.634.181
31-12-2018	3.866,84	3.868,74	3.725,87	3.742,70	4.661.840.806	65.331.499.158
30-12-2018	3.822,38	3.901,91	3.797,22	3.865,95	4.770.578.575	67.475.512.827
29-12-2018	3.932,49	3.963,76	3.820,41	3.820,41	4.991.655.917	66.672.244.158
28-12-2018	3.653,13	3.956,14	3.642,63	3.923,92	5.631.554.348	68.471.837.969
27-12-2018	3.854,69	3.874,42	3.645,45	3.654,83	5.130.222.366	63.768.757.101
26-12-2018	3.819,67	3.893,36	3.769,86	3.857,30	5.326.547.918	67.292.819.465
25-12-2018	4.081,03	4.089,56	3.760,02	3.815,49	6.158.207.293	66.556.033.172
24-12-2018	4.000,33	4.271,79	4.000,33	4.078,60	7.240.968.501	71.137.548.589
23-12-2018	4.020,99	4.085,72	3.976,41	3.998,98	6.151.275.490	69.741.217.417
22-12-2018	3.898,08	4.014,18	3.855,74	4.014,18	5.605.823.233	69.997.508.295
21-12-2018	4.133,70	4.198,43	3.850,95	3.896,54	7.206.015.706	67.937.650.255
20-12-2018	3.742,20	4.191,23	3.728,97	4.134,44	8.927.129.279	72.078.243.771
19-12-2018	3.706,82	3.949,32	3.687,23	3.745,95	6.810.689.119	65.299.132.785
18-12-2018	3.544,76	3.701,35	3.487,17	3.696,06	5.911.325.473	64.422.587.801
17-12-2018	3.253,12	3.597,92	3.253,12	3.545,86	5.409.247.918	61.798.926.687
16-12-2018	3.236,27	3.305,75	3.233,82	3.252,84	3.744.248.994	56.685.436.644
15-12-2018	3.244,00	3.275,38	3.191,30	3.236,76	3.551.763.561	56.400.691.425
14-12-2018	3.311,75	3.329,56	3.206,54	3.242,48	4.372.763.663	56.494.379.457
13-12-2018	3.487,88	3.489,74	3.298,13	3.313,68	4.343.372.456	57.728.688.216
12-12-2018	3.421,46	3.534,23	3.413,48	3.486,95	4.139.364.829	60.741.625.426
11-12-2018	3.497,55	3.513,18	3.392,25	3.424,59	4.696.765.188	59.650.201.102
10-12-2018	3.612,05	3.647,33	3.470,14	3.502,66	5.020.968.740	61.004.445.982
09-12-2018	3.473,23	3.685,31	3.469,09	3.614,23	4.947.372.847	62.942.160.928
08-12-2018	3.421,91	3.506,04	3.350,65	3.476,11	5.305.024.497	60.531.278.392
07-12-2018	3.512,59	3.512,59	3.280,23	3.419,94	6.835.615.448	59.547.645.578
06-12-2018	3.754,07	3.874,97	3.521,10	3.521,10	5.878.333.109	61.303.965.508
05-12-2018	3.958,89	3.969,54	3.753,99	3.753,99	5.302.481.574	65.352.496.336
04-12-2018	3.886,29	4.075,63	3.832,75	3.956,89	5.028.069.239	68.878.292.608
03-12-2018	4.147,32	4.155,98	3.840,45	3.894,13	5.089.570.994	67.779.050.170
02-12-2018	4.200,73	4.301,52	4.110,98	4.139,88	5.262.697.895	72.050.487.506
01-12-2018	4.024,46	4.309,38	3.969,71	4.214,67	5.375.314.093	73.346.194.969
30-11-2018	4.289,09	4.322,98	3.942,82	4.017,27	6.048.016.717	69.904.637.061
29-11-2018	4.269,00	4.413,02	4.145,77	4.278,85	6.503.347.767	74.451.016.927
28-11-2018	3.822,47	4.385,90	3.822,47	4.257,42	7.280.280.000	74.072.560.088
27-11-2018	3.765,95	3.862,96	3.661,01	3.820,72	5.998.720.000	66.468.970.322
26-11-2018	4.015,07	4.107,14	3.643,92	3.779,13	6.476.900.000	65.739.289.046
25-11-2018	3.880,78	4.120,87	3.585,06	4.009,97	6.825.640.000	69.749.265.801
24-11-2018	4.347,69	4.413,09	3.795,16	3.880,76	4.679.500.000	67.495.633.205
23-11-2018	4.360,70	4.396,42	4.195,68	4.347,11	4.871.490.000	75.598.851.166
22-11-2018	4.611,57	4.629,64	4.365,64	4.365,94	4.569.370.000	75.919.439.809
21-11-2018	4.465,54	4.675,73	4.343,98	4.602,17	6.120.120.000	80.020.171.047
20-11-2018	4.863,93	4.951,61	4.272,11	4.451,87	8.428.290.000	77.401.044.320
19-11-2018	5.620,78	5.620,78	4.842,91	4.871,49	7.039.560.000	84.688.539.692
18-11-2018	5.559,74	5.653,61	5.559,74	5.623,54	4.159.680.000	97.753.714.643
17-11-2018	5.578,58	5.578,58	5.519,56	5.554,33	4.303.150.000	96.542.098.114
16-11-2018	5.645,32	5.657,02	5.498,94	5.575,55	5.279.320.000	96.900.828.780
15-11-2018	5.736,15	5.774,82	5.358,38	5.648,03	7.032.140.000	98.151.606.541
14-11-2018	6.351,24	6.371,55	5.544,09	5.738,35	7.398.940.000	99.712.077.259
13-11-2018	6.373,19	6.395,27	6.342,67	6.359,49	4.503.800.000	110.494.466.204
12-11-2018	6.411,76	6.434,21	6.360,47	6.371,27	4.295.770.000	110.689.666.528
11-11-2018	6.413,63	6.423,25	6.350,17	6.411,27	3.939.060.000	111.373.453.740
10-11-2018	6.386,13	6.437,28	6.385,31	6.409,22	3.705.320.000	111.326.145.314
09-11-2018	6.442,60	6.456,46	6.373,37	6.385,62	4.346.820.000	110.905.767.441
08-11-2018	6.522,27	6.536,92	6.438,53	6.453,72	4.665.260.000	112.078.367.037
07-11-2018	6.468,50	6.552,16	6.468,31	6.530,14	4.941.260.000	113.395.632.955
06-11-2018	6.433,38	6.463,55	6.408,16	6.461,01	4.700.040.000	112.095.603.776
05-11-2018	6.363,62	6.480,59	6.363,62	6.419,66	4.174.800.000	111.456.211.022
04-11-2018	6.365,47	6.388,63	6.294,57	6.376,13	4.390.020.000	110.689.215.104
03-11-2018	6.387,24	6.400,07	6.342,37	6.361,26	3.658.640.000	110.421.212.888
02-11-2018	6.378,92	6.396,86	6.327,38	6.388,44	4.234.870.000	110.880.236.966
01-11-2018	6.318,14	6.547,14	6.311,83	6.377,78	3.789.400.000	110.683.820.788
31-10-2018	6.336,99	6.349,16	6.316,88	6.317,61	4.191.240.000	109.627.117.226
30-10-2018	6.337,04	6.364,99	6.310,14	6.334,27	3.781.100.000	109.903.543.419
29-10-2018	6.492,35	6.503,60	6.306,99	6.332,63	4.199.910.000	109.862.898.081
28-10-2018	6.482,66	6.502,28	6.447,91	6.486,39	3.445.190.000	112.518.434.372
27-10-2018	6.480,84	6.507,41	6.453,53	6.480,38	3.393.250.000	112.403.001.148
26-10-2018	6.468,44	6.498,29	6.449,61	6.474,75	3.306.050.000	112.294.341.019
25-10-2018	6.484,65	6.504,65	6.447,03	6.476,29	3.230.550.000	112.309.554.478
24-10-2018	6.478,89	6.521,99	6.468,86	6.495,84	3.424.670.000	112.637.293.966
23-10-2018	6.472,36	6.506,01	6.451,27	6.475,74	3.716.150.000	112.279.779.884
22-10-2018	6.486,05	6.543,80	6.462,98	6.487,16	3.672.860.000	112.465.213.723
21-10-2018	6.490,09	6.556,38	6.476,00	6.482,35	3.253.610.000	112.369.106.369
20-10-2018	6.460,92	6.497,72	6.449,00	6.489,19	3.379.130.000	112.476.559.221
19-10-2018	6.478,07	6.493,68	6.445,31	6.465,41	3.578.870.000	112.052.990.522
18-10-2018	6.542,33	6.567,54	6.450,04	6.476,71	3.924.080.000	112.237.252.159
17-10-2018	6.590,52	6.601,21	6.517,45	6.544,43	4.088.420.000	113.399.343.801
16-10-2018	6.601,41	6.673,59	6.571,37	6.596,11	4.074.800.000	114.283.707.152
15-10-2018	6.292,64	6.965,06	6.258,68	6.596,54	7.370.770.000	114.280.022.340
14-10-2018	6.288,49	6.363,21	6.280,15	6.290,93	3.085.320.000	108.972.590.373
13-10-2018	6.278,08	6.308,51	6.259,81	6.285,99	3.064.030.000	108.878.136.724
12-10-2018	6.239,25	6.328,50	6.236,47	6.274,58	3.783.500.000	108.669.526.315
11-10-2018	6.586,74	6.586,74	6.243,74	6.256,24	5.181.640.000	108.341.572.839
10-10-2018	6.640,29	6.640,29	6.538,96	6.585,53	3.787.650.000	114.030.835.912
09-10-2018	6.653,08	6.661,41	6.606,94	6.642,64	3.580.810.000	115.007.759.484
08-10-2018	6.600,19	6.675,06	6.576,04	6.652,23	3.979.460.000	115.162.906.843
07-10-2018	6.590,68	6.641,49	6.557,04	6.602,95	3.306.630.000	114.298.880.311
06-10-2018	6.622,45	6.628,54	6.577,80	6.588,31	3.259.740.000	114.033.598.927
05-10-2018	6.574,15	6.623,62	6.557,41	6.622,48	3.671.500.000	114.614.764.674
04-10-2018	6.497,91	6.603,31	6.497,91	6.576,69	3.838.410.000	113.811.343.543
03-10-2018	6.553,86	6.571,46	6.454,03	6.502,59	3.887.310.000	112.516.993.837
02-10-2018	6.593,24	6.611,84	6.537,90	6.556,10	3.979.260.000	113.431.019.760
01-10-2018	6.619,85	6.653,30	6.549,08	6.589,62	4.000.970.000	113.999.846.113
30-09-2018	6.604,71	6.643,78	6.566,54	6.625,56	4.002.280.000	114.608.519.470
29-09-2018	6.643,10	6.643,10	6.511,65	6.601,96	4.363.690.000	114.186.839.964
28-09-2018	6.678,75	6.785,03	6.598,32	6.644,13	5.014.430.000	114.903.584.220
27-09-2018	6.495,29	6.712,10	6.464,95	6.676,75	4.606.810.000	115.454.861.756
26-09-2018	6.452,79	6.585,91	6.397,89	6.495,00	4.437.300.000	112.300.336.125
25-09-2018	6.603,64	6.603,64	6.381,86	6.446,47	4.726.180.000	111.450.035.114
24-09-2018	6.704,77	6.713,56	6.580,90	6.595,41	4.177.310.000	114.011.060.309
23-09-2018	6.715,32	6.766,15	6.679,42	6.710,63	4.197.500.000	115.990.387.532
22-09-2018	6.735,05	6.814,56	6.616,80	6.721,98	4.509.660.000	116.173.876.360
21-09-2018	6.513,87	6.794,33	6.496,36	6.734,95	6.531.940.000	116.385.068.032
20-09-2018	6.398,85	6.529,26	6.395,95	6.519,67	4.348.110.000	112.653.130.183
19-09-2018	6.371,85	6.448,46	6.208,34	6.398,54	4.431.340.000	110.547.735.544
18-09-2018	6.280,91	6.384,18	6.265,71	6.371,30	4.180.090.000	110.064.685.348
17-09-2018	6.514,06	6.540,21	6.257,52	6.281,20	3.910.780.000	108.497.127.334
16-09-2018	6.536,68	6.544,33	6.460,10	6.517,18	3.273.730.000	112.562.367.224
15-09-2018	6.509,40	6.561,72	6.493,55	6.543,20	3.216.300.000	113.000.324.618
14-09-2018	6.515,41	6.596,10	6.456,17	6.512,71	4.076.220.000	112.462.453.186
13-09-2018	6.354,24	6.535,41	6.354,24	6.517,31	4.210.910.000	112.530.970.182
12-09-2018	6.317,01	6.363,87	6.265,09	6.351,80	4.064.230.000	109.661.521.297
11-09-2018	6.331,88	6.398,92	6.260,21	6.321,20	3.849.910.000	109.119.948.884
10-09-2018	6.301,57	6.374,98	6.292,76	6.329,70	3.714.100.000	109.255.603.474
09-09-2018	6.223,38	6.446,26	6.201,22	6.300,86	3.671.890.000	108.747.090.915
08-09-2018	6.460,17	6.534,25	6.197,52	6.225,98	3.835.060.000	107.442.122.871
07-09-2018	6.528,92	6.555,29	6.396,87	6.467,07	4.264.680.000	111.590.424.587
06-09-2018	6.755,14	6.755,14	6.404,72	6.529,17	5.523.470.000	112.649.565.532
05-09-2018	7.361,46	7.388,43	6.792,83	6.792,83	5.800.460.000	117.185.657.641
04-09-2018	7.263,00	7.388,26	7.255,44	7.361,66	4.273.640.000	126.986.882.925
03-09-2018	7.279,03	7.317,94	7.208,15	7.260,06	4.087.760.000	125.222.785.390
02-09-2018	7.189,58	7.306,31	7.132,16	7.272,72	4.329.540.000	125.427.780.027
01-09-2018	7.044,81	7.242,29	7.038,05	7.193,25	4.116.050.000	124.044.625.438
31-08-2018	6.973,97	7.057,17	6.920,16	7.037,58	4.495.650.000	121.346.613.238
30-08-2018	7.043,76	7.072,69	6.834,69	6.978,23	4.463.250.000	120.309.828.156
29-08-2018	7.091,71	7.113,30	6.970,82	7.047,16	4.145.880.000	121.484.666.374
28-08-2018	6.891,08	7.109,56	6.882,34	7.096,28	4.659.940.000	122.319.195.736
27-08-2018	6.710,80	6.884,64	6.689,71	6.884,64	4.019.000.000	118.657.885.712
26-08-2018	6.754,64	6.774,75	6.620,75	6.707,26	3.295.500.000	115.585.205.491
25-08-2018	6.719,95	6.789,63	6.700,96	6.763,19	3.312.600.000	116.534.497.933
24-08-2018	6.551,52	6.719,96	6.498,64	6.719,96	4.097.820.000	115.778.358.839
23-08-2018	6.371,34	6.546,54	6.371,34	6.534,88	3.426.180.000	112.577.436.411
22-08-2018	6.486,25	6.816,79	6.310,11	6.376,71	4.668.110.000	109.840.902.181
21-08-2018	6.301,07	6.500,87	6.298,24	6.488,76	3.377.180.000	111.758.100.192
20-08-2018	6.500,51	6.536,92	6.297,93	6.308,53	3.665.100.000	108.642.191.682
19-08-2018	6.422,57	6.537,98	6.361,55	6.506,07	3.311.170.000	112.031.838.393
18-08-2018	6.583,43	6.617,35	6.353,73	6.423,76	3.984.520.000	110.603.014.928
17-08-2018	6.340,91	6.582,50	6.324,97	6.580,63	4.992.990.000	113.290.724.406
16-08-2018	6.294,23	6.473,50	6.276,41	6.334,73	4.328.420.000	109.045.250.379
15-08-2018	6.221,42	6.588,49	6.221,42	6.308,52	4.895.450.000	108.581.773.101
14-08-2018	6.287,66	6.287,94	5.971,05	6.199,71	5.301.700.000	106.696.389.129
13-08-2018	6.341,36	6.537,05	6.225,72	6.297,57	4.083.980.000	108.369.686.635
12-08-2018	6.283,65	6.409,85	6.237,50	6.322,69	5.665.250.000	108.790.259.014
11-08-2018	6.185,79	6.455,74	6.109,03	6.295,73	4.047.850.000	108.314.257.212
10-08-2018	6.571,42	6.591,26	6.124,52	6.184,71	4.528.680.000	106.390.927.598
09-08-2018	6.305,56	6.625,73	6.249,07	6.568,23	4.267.040.000	112.973.963.230
08-08-2018	6.746,85	6.746,85	6.226,22	6.305,80	5.064.430.000	108.448.409.560
07-08-2018	6.958,32	7.146,56	6.748,24	6.753,12	4.682.800.000	116.128.339.800
06-08-2018	7.062,94	7.166,55	6.890,54	6.951,80	3.925.900.000	119.531.508.535
05-08-2018	7.031,08	7.102,77	6.940,70	7.068,48	3.679.110.000	121.526.079.384
04-08-2018	7.438,67	7.497,49	6.984,07	7.032,85	4.268.390.000	120.899.698.889
03-08-2018	7.562,14	7.562,14	7.328,65	7.434,39	4.627.150.000	127.785.826.655
02-08-2018	7.634,19	7.712,77	7.523,44	7.567,15	4.214.110.000	130.052.066.760
01-08-2018	7.769,04	7.769,04	7.504,95	7.624,91	4.797.620.000	131.030.166.771
31-07-2018	8.181,20	8.181,53	7.696,93	7.780,44	5.287.530.000	133.688.476.220
30-07-2018	8.221,58	8.235,50	7.917,50	8.180,48	5.551.400.000	140.547.190.784
29-07-2018	8.205,82	8.272,26	8.141,18	8.218,46	4.107.190.016	141.185.844.808
28-07-2018	8.169,06	8.222,85	8.110,77	8.192,15	3.988.750.080	140.716.560.550
27-07-2018	7.950,40	8.262,66	7.839,76	8.165,01	5.195.879.936	140.235.573.607
26-07-2018	8.176,85	8.290,33	7.878,71	7.951,58	4.899.089.920	136.553.079.708
25-07-2018	8.379,66	8.416,87	8.086,36	8.181,39	5.845.400.064	140.482.950.401
24-07-2018	7.716,51	8.424,27	7.705,50	8.424,27	7.277.689.856	144.634.918.474
23-07-2018	7.414,71	7.771,50	7.409,10	7.711,11	5.132.480.000	132.375.368.459
22-07-2018	7.417,80	7.537,95	7.383,82	7.418,49	3.695.460.096	127.336.615.249
21-07-2018	7.352,72	7.437,64	7.262,41	7.419,29	3.726.609.920	127.333.468.174
20-07-2018	7.467,40	7.594,67	7.323,26	7.354,13	4.936.869.888	126.202.570.251
19-07-2018	7.378,20	7.494,46	7.295,46	7.466,86	5.111.629.824	128.122.730.711
18-07-2018	7.315,32	7.534,99	7.280,47	7.370,78	6.103.410.176	126.458.165.406
17-07-2018	6.739,65	7.387,24	6.684,17	7.321,04	5.961.950.208	125.588.963.706
16-07-2018	6.357,01	6.741,75	6.357,01	6.741,75	4.725.799.936	115.638.203.962
15-07-2018	6.272,70	6.403,46	6.256,51	6.359,64	3.285.459.968	109.074.579.938
14-07-2018	6.247,50	6.298,19	6.212,22	6.276,12	2.923.670.016	107.631.453.835
13-07-2018	6.235,03	6.310,55	6.192,24	6.238,05	3.805.400.064	106.968.440.793
12-07-2018	6.396,78	6.397,10	6.136,42	6.228,81	3.770.170.112	106.798.864.820
11-07-2018	6.330,77	6.444,96	6.330,47	6.394,71	3.644.859.904	109.631.867.446
10-07-2018	6.739,21	6.767,74	6.320,72	6.329,95	4.052.430.080	108.511.009.626
09-07-2018	6.775,08	6.838,68	6.724,34	6.741,75	3.718.129.920	115.557.889.495
08-07-2018	6.857,80	6.885,91	6.747,98	6.773,88	3.386.210.048	116.097.021.279
07-07-2018	6.668,71	6.863,99	6.579,24	6.856,93	3.961.080.064	117.506.606.000
06-07-2018	6.638,69	6.700,94	6.533,55	6.673,50	4.313.959.936	114.350.502.582
05-07-2018	6.599,71	6.749,54	6.546,65	6.639,14	4.999.240.192	113.748.385.620
04-07-2018	6.550,87	6.771,92	6.450,46	6.597,55	4.176.689.920	113.024.522.547
03-07-2018	6.596,66	6.671,37	6.447,75	6.529,59	4.672.309.760	111.849.428.104
02-07-2018	6.380,38	6.683,86	6.305,70	6.614,18	4.396.930.048	113.288.832.522
01-07-2018	6.411,68	6.432,85	6.289,29	6.385,82	4.788.259.840	109.366.024.632
30-06-2018	6.214,22	6.465,51	6.214,22	6.404,00	4.543.860.224	109.665.618.200
29-06-2018	5.898,13	6.261,66	5.835,75	6.218,30	3.966.230.016	106.474.707.240
28-06-2018	6.153,16	6.170,41	5.873,05	5.903,44	3.467.800.064	101.072.353.482
27-06-2018	6.084,40	6.180,00	6.052,85	6.157,13	3.296.219.904	105.403.600.614
26-06-2018	6.253,55	6.290,16	6.093,67	6.093,67	3.279.759.872	104.307.939.200
25-06-2018	6.171,97	6.327,37	6.119,68	6.249,18	5.500.810.240	106.958.465.208
24-06-2018	6.164,28	6.223,78	5.826,41	6.173,23	4.566.909.952	105.646.571.668
23-06-2018	6.090,10	6.224,82	6.071,81	6.162,48	3.431.360.000	105.449.276.520
22-06-2018	6.737,88	6.747,08	6.006,60	6.083,69	5.079.810.048	104.088.814.967
21-06-2018	6.780,09	6.810,94	6.715,17	6.729,74	3.529.129.984	115.129.700.024
20-06-2018	6.770,76	6.821,56	6.611,88	6.776,55	3.888.640.000	115.916.357.344
19-06-2018	6.742,39	6.822,50	6.709,92	6.769,94	4.057.029.888	115.789.919.278
18-06-2018	6.510,07	6.781,14	6.446,68	6.734,82	4.039.200.000	115.176.197.712
17-06-2018	6.545,53	6.589,11	6.499,27	6.499,27	3.104.019.968	111.134.754.810
16-06-2018	6.455,45	6.592,49	6.402,29	6.550,16	3.194.170.112	111.992.015.616
15-06-2018	6.674,08	6.681,08	6.433,87	6.456,58	3.955.389.952	110.378.702.283
14-06-2018	6.342,75	6.707,14	6.334,46	6.675,35	5.138.710.016	114.106.009.748
13-06-2018	6.596,88	6.631,66	6.285,63	6.349,90	5.052.349.952	108.530.585.830
12-06-2018	6.905,82	6.907,96	6.542,08	6.582,36	4.654.380.032	112.491.874.164
11-06-2018	6.799,29	6.910,18	6.706,63	6.906,92	4.745.269.760	118.025.877.189
10-06-2018	7.499,55	7.499,55	6.709,07	6.786,02	5.804.839.936	115.948.312.827
09-06-2018	7.632,52	7.683,58	7.531,98	7.531,98	3.845.220.096	128.682.085.689
08-06-2018	7.685,14	7.698,19	7.558,40	7.624,92	4.227.579.904	130.256.218.613
07-06-2018	7.650,82	7.741,27	7.650,82	7.678,24	4.485.799.936	131.153.169.176
06-06-2018	7.625,97	7.680,43	7.502,01	7.653,98	4.692.259.840	130.725.095.161
05-06-2018	7.500,90	7.643,23	7.397,00	7.633,76	4.961.739.776	130.365.918.088
04-06-2018	7.722,53	7.753,82	7.474,04	7.514,47	4.993.169.920	128.312.205.314
03-06-2018	7.632,09	7.754,89	7.613,04	7.720,25	4.851.760.128	131.808.021.256
02-06-2018	7.536,72	7.695,83	7.497,26	7.643,45	4.939.299.840	130.481.526.036
01-06-2018	7.500,70	7.604,73	7.407,34	7.541,45	4.921.460.224	128.725.854.692
31-05-2018	7.406,15	7.608,90	7.361,13	7.494,17	5.127.130.112	127.902.999.390
30-05-2018	7.469,73	7.573,77	7.313,60	7.406,52	4.922.540.032	126.391.893.474
29-05-2018	7.129,46	7.526,42	7.090,68	7.472,59	5.662.660.096	127.502.651.064
28-05-2018	7.371,31	7.419,05	7.100,89	7.135,99	5.040.600.064	121.747.389.422
27-05-2018	7.362,08	7.381,74	7.270,96	7.368,22	4.056.519.936	125.695.017.596
26-05-2018	7.486,48	7.595,16	7.349,12	7.355,88	4.051.539.968	125.469.061.263
25-05-2018	7.592,30	7.659,14	7.392,65	7.480,14	4.867.829.760	127.573.690.458
24-05-2018	7.561,12	7.738,60	7.331,14	7.587,34	6.049.220.096	129.385.391.552
23-05-2018	8.037,08	8.054,66	7.507,88	7.557,82	6.491.120.128	128.868.479.514
22-05-2018	8.419,87	8.423,25	8.004,58	8.041,78	5.137.010.176	137.104.106.176
21-05-2018	8.522,33	8.557,52	8.365,12	8.418,99	5.154.990.080	143.518.943.480
20-05-2018	8.246,99	8.562,41	8.205,24	8.513,25	5.191.059.968	145.109.512.565
19-05-2018	8.255,73	8.372,06	8.183,35	8.247,18	4.712.399.872	140.559.162.894
18-05-2018	8.091,83	8.274,12	7.974,82	8.250,97	5.764.190.208	140.607.667.610
17-05-2018	8.370,05	8.445,54	8.054,12	8.094,32	5.862.530.048	137.923.772.714
16-05-2018	8.504,41	8.508,43	8.175,49	8.368,83	6.760.220.160	142.587.497.878
15-05-2018	8.705,19	8.836,19	8.456,45	8.510,38	6.705.710.080	144.979.744.412